{"BoundsData":[{"Id":"eveningstar","Center":{"x":0.018710840493440629,"y":0.05487947165966034,"z":0.34174844622612},"Size":{"x":0.10341572761535645,"y":0.2657555341720581,"z":1.2652238607406617}},{"Id":"scope-6x","Center":{"x":-0.0026600025594234468,"y":-0.004036672413349152,"z":0.02593320608139038},"Size":{"x":0.060674041509628299,"y":0.07617448270320893,"z":0.3923971652984619}},{"Id":"holographic","Center":{"x":-0.0017401743680238724,"y":-0.013043969869613648,"z":0.022404756397008897},"Size":{"x":0.04945475608110428,"y":0.06528924405574799,"z":0.11999998241662979}}]}