{"BoundsData":[{"Id":"eveningstar","Center":{"x":0.018710840493440629,"y":0.05487947165966034,"z":0.34174844622612},"Size":{"x":0.10341572761535645,"y":0.2657555341720581,"z":1.2652238607406617}}]}